title,link
CIP.Scanner,https://www.fortiguard.com/encyclopedia/ips/52663
FG-VD-22-110_Sierra.0day,https://www.fortiguard.com/encyclopedia/ips/52587
Suspicious.JavaScript.Obfuscation.Packer,https://www.fortiguard.com/encyclopedia/ips/52597
IP.Protocol.Scan,https://www.fortiguard.com/encyclopedia/ips/52549
dotCMS.Portal.Multiple.XSS,https://www.fortiguard.com/encyclopedia/ips/51948
Arctic.Wolf.Scanner,https://www.fortiguard.com/encyclopedia/ips/51706
DNS.PTR.Records.Scan,https://www.fortiguard.com/encyclopedia/ips/51391
Adobe.Illustrator.CVE-2022-23198.Null.Pointer.Dereference,https://www.fortiguard.com/encyclopedia/ips/51017
Adobe.Illustrator.CVE-2022-23199.NULL.Pointer.Dereference,https://www.fortiguard.com/encyclopedia/ips/51016
Censys.io.Scanner,https://www.fortiguard.com/encyclopedia/ips/50899
Cisco.Webex.Out-of-Bounds.Read,https://www.fortiguard.com/encyclopedia/ips/50889
Assetnote.Scanner,https://www.fortiguard.com/encyclopedia/ips/49987
Apple.Safari.WebKit.WebCore.AudioArray.Information.Disclosure,https://www.fortiguard.com/encyclopedia/ips/49436
Ethernet.IP.Device.Scanner,https://www.fortiguard.com/encyclopedia/ips/49399
ISF.S7-1200.S7-1500.S7comm.Plus.Scanner,https://www.fortiguard.com/encyclopedia/ips/49385
ISF.S7-300.S7-400.S7comm.Scanner,https://www.fortiguard.com/encyclopedia/ips/49386
Magento.Login.Brute.Force,https://www.fortiguard.com/encyclopedia/ips/49300
Suspicious.PHP.URI.Location,https://www.fortiguard.com/encyclopedia/ips/48951
Nuclei.Vulnerability.Scanner,https://www.fortiguard.com/encyclopedia/ips/48922
HTTP.Suspicious.Headers.With.Special.Characters,https://www.fortiguard.com/encyclopedia/ips/48934
PostgreSQL.Login.Brute.Force,https://www.fortiguard.com/encyclopedia/ips/48914
MS.SQL.Server.Brute.Force.Login,https://www.fortiguard.com/encyclopedia/ips/48809
ffuf.Web.Fuzzer,https://www.fortiguard.com/encyclopedia/ips/48818
ZGrab.Scanner,https://www.fortiguard.com/encyclopedia/ips/48805
pplsip.SIP.Scanner,https://www.fortiguard.com/encyclopedia/ips/48756
DFind.Vulnerability.Scanner,https://www.fortiguard.com/encyclopedia/ips/48642
Generic.DNS.Tunnel.Detection.Variant.A,https://www.fortiguard.com/encyclopedia/ips/48463
FG-VD-19-040_Plex.Web.Client.0day,https://www.fortiguard.com/encyclopedia/ips/47702
Sweetscape.010.Editor.ReadWLine.Memory.Corruption,https://www.fortiguard.com/encyclopedia/ips/48459
Dnscat2.DNS.Tunnel,https://www.fortiguard.com/encyclopedia/ips/48370
WSDirectory.UDP.Amplification.Detection,https://www.fortiguard.com/encyclopedia/ips/48409
Atlassian.Jira.Server.Dashboard.Config.Information.Disclosure,https://www.fortiguard.com/encyclopedia/ips/48313
Joomla!.Component.Barter.Sites.Authenticated.XSS,https://www.fortiguard.com/encyclopedia/ips/48145
LANDesk.Management.Agent.Local.DoS,https://www.fortiguard.com/encyclopedia/ips/47997
Nessus.Scanner,https://www.fortiguard.com/encyclopedia/ips/47971
ThunderDNS.Tunnel,https://www.fortiguard.com/encyclopedia/ips/47697
Oracle.Java.JNLP.Arbitrary.File.Deletion,https://www.fortiguard.com/encyclopedia/ips/47693
Emby.Media.Server.DevicesOptions.CustomName.XSS,https://www.fortiguard.com/encyclopedia/ips/47571
ReGeorg.HTTP.Tunnel,https://www.fortiguard.com/encyclopedia/ips/47584
ReDuh.HTTP.Tunnel,https://www.fortiguard.com/encyclopedia/ips/47580
Netsparker.Web.Scanner,https://www.fortiguard.com/encyclopedia/ips/47558
WPScan.WordPress.Vulnerability.Scanner,https://www.fortiguard.com/encyclopedia/ips/47446
Jexboss.Toolkit.Request,https://www.fortiguard.com/encyclopedia/ips/47361
Broadcom.UPnP.Stack.SetConnectionType.Function.Format.String,https://www.fortiguard.com/encyclopedia/ips/47315
IBM.WebSphere.MQ.Login.User.ID.Brute.Force.Check,https://www.fortiguard.com/encyclopedia/ips/47181
Erlang.Port.Mapper.Daemon.Cookie.Remote.Code.Execution,https://www.fortiguard.com/encyclopedia/ips/47299
UPnP.SSDP.M.Search.Anomaly,https://www.fortiguard.com/encyclopedia/ips/47173
MS.RPC.UTC.DoS,https://www.fortiguard.com/encyclopedia/ips/47123
Magecart.E-Commerce.JS.Sniffer,https://www.fortiguard.com/encyclopedia/ips/47046
DET.Data.Exfiltration,https://www.fortiguard.com/encyclopedia/ips/46965
MS.Windows.Device.Guard.CVE-2018-8449.Security.Bypass,https://www.fortiguard.com/encyclopedia/ips/46831
GoLismero.Web.Scanner,https://www.fortiguard.com/encyclopedia/ips/46492
w3af.Web.Scanner,https://www.fortiguard.com/encyclopedia/ips/46474
FG-VD-18-107_0day,https://www.fortiguard.com/encyclopedia/ips/46286
NETGEAR.Orbi.GuestPortal.XSS,https://www.fortiguard.com/encyclopedia/ips/46154
Cisco.Smart.Install.Feature.Enable.Scanner,https://www.fortiguard.com/encyclopedia/ips/45938
Samba.Printer.Server.spoolss.Denial.Of.Service,https://www.fortiguard.com/encyclopedia/ips/45762
Qualys.Vulnerability.Scanner,https://www.fortiguard.com/encyclopedia/ips/45660
WhiteHat.Security.Vulnerability.Scanner,https://www.fortiguard.com/encyclopedia/ips/45661
Nmap.Script.Scanner,https://www.fortiguard.com/encyclopedia/ips/45360
Nikto.Web.Scanner,https://www.fortiguard.com/encyclopedia/ips/44780
OpenVAS.Web.Scanner,https://www.fortiguard.com/encyclopedia/ips/44781
MS.Browser.CVE-2017-11791.Memory.Corruption,https://www.fortiguard.com/encyclopedia/ips/44847
Masscan.Scanner,https://www.fortiguard.com/encyclopedia/ips/44778
Common.Gateway.Interface.common.cgi.Access,https://www.fortiguard.com/encyclopedia/ips/44678
MS.Windows.Graphics.Component.Information.Disclosure,https://www.fortiguard.com/encyclopedia/ips/44578
FG-VD-17-164_OpenCart.0day,https://www.fortiguard.com/encyclopedia/ips/44535
Jorgee.Web.Scanner,https://www.fortiguard.com/encyclopedia/ips/44308
Wind.River.VxWorks.WDB.Debug.Service.Version.Number.Scanner,https://www.fortiguard.com/encyclopedia/ips/44135
Fireball.Adware,https://www.fortiguard.com/encyclopedia/ips/44065
Adobe.Acrobat.JPEG.2000.JP2Header.Information.Disclosure,https://www.fortiguard.com/encyclopedia/ips/43895
Adobe.Acrobat.JPEG.2000.Malformed.Stream.Information.Disclosure,https://www.fortiguard.com/encyclopedia/ips/43896
Adobe.Acrobat.JPEG.Component.Sizes.Information.Disclosure,https://www.fortiguard.com/encyclopedia/ips/43900
Adobe.Acrobat.JPEG.File.Handling.Information.Disclosure,https://www.fortiguard.com/encyclopedia/ips/43915
Adobe.Acrobat.JPEG.Inconsistent.Tile.Memory.Corruption,https://www.fortiguard.com/encyclopedia/ips/43902
Adobe.Acrobat.Weblink.Malformed.URI.Information.Disclosure,https://www.fortiguard.com/encyclopedia/ips/43894
Adobe.Acrobat.XSLT.Element.Handling.Information.Disclosure,https://www.fortiguard.com/encyclopedia/ips/43917
MS.Windows.GDI.Out-of-Bounds.Read.Information.Disclosure,https://www.fortiguard.com/encyclopedia/ips/43870
Port.Scanning,https://www.fortiguard.com/encyclopedia/ips/43814
Malicious.Obfuscated.PDF.File.Access,https://www.fortiguard.com/encyclopedia/ips/43823
Foxit.PDF.Reader.JBIG2.Symbol.Dictionary.Information.Disclosure,https://www.fortiguard.com/encyclopedia/ips/43734
MongoDB.Unauthenticated.Remote.Database.Access,https://www.fortiguard.com/encyclopedia/ips/43721
MS.Windows.Media.Player.Information.Disclosure,https://www.fortiguard.com/encyclopedia/ips/43670
MS.Windows.Kernel.Cursor.Object.Local.Information.Disclosure,https://www.fortiguard.com/encyclopedia/ips/43530
HTTP.Headers.End.With.LFCRCRLF,https://www.fortiguard.com/encyclopedia/ips/43399
MS.Browser.Print.Preview.Information.Disclosure,https://www.fortiguard.com/encyclopedia/ips/43388
MS.Edge.WebKitDirecory.Read.Local.File.Information.Disclosure,https://www.fortiguard.com/encyclopedia/ips/43383
MS.Windows.GetDIBits.BITMAPINFOHEADER.Information.Disclosure,https://www.fortiguard.com/encyclopedia/ips/43376
MS.Edge.AnchorElement.Information.Disclosure,https://www.fortiguard.com/encyclopedia/ips/42924
MS.Edge.wininet.dll.Sub.Component.Information.Disclosure,https://www.fortiguard.com/encyclopedia/ips/42916
IBM.WebSphere.AS.SIP.Processing.DoS,https://www.fortiguard.com/encyclopedia/ips/42857
MS.IE.File.Name.Information.Disclosure,https://www.fortiguard.com/encyclopedia/ips/42814
MS.IE.Reader.Mode.Html.Injection,https://www.fortiguard.com/encyclopedia/ips/42703
JspSpy.Web.Shell,https://www.fortiguard.com/encyclopedia/ips/42718
MS.IE.Hyperlink.Content.Spoofing,https://www.fortiguard.com/encyclopedia/ips/42701
MS.Windows.Kernel.PlgBlt.Privilege.Elevation,https://www.fortiguard.com/encyclopedia/ips/42705
BREACH.HTTPS.Compression.Information.Disclosure,https://www.fortiguard.com/encyclopedia/ips/42657
ImageMagick.Image.ephemeral.Pseudo.Protocol.File.Access,https://www.fortiguard.com/encyclopedia/ips/42556
MS.ASP.NET.ValidateRequest.XSS,https://www.fortiguard.com/encyclopedia/ips/42528
MS.Win32KFull.Sys.Information.Disclosure,https://www.fortiguard.com/encyclopedia/ips/42378
